{
  "name": "better-conditional-damage",
  "title": "Better Conditional Damage",
  "description": "Adds options to display conditional damage types.",
  "authors": [
    {
      "name": "hugopaulista7"
    }
  ],
  "version": "0.0.1",
  "compatibility": {
    "minimum": "10",
    "verified": "10"
  },
  "scripts": [
    "scripts/main.js",
    "scripts/better-conditional-damage.js"
  ],
  "socket": true,
  "id": "better-conditional-damage",
  "minimumCoreVersion": "10",
  "manifest": "https://raw.githubusercontent.com/hugopaulista7/better-conditional-damage/main/module.json",
  "download": "https://github.com/hugopaulista7/better-conditional-damage/raw/main/plutonium.zip"
}